Header1,Header2,Header3,Header4
analytics,cluster,AgglomerativeCluster,3938
analytics,cluster,CommunityStructure,3812
analytics,cluster,HierarchicalCluster,6714
analytics,cluster,MergeEdge,743
analytics,graph,BetweennessCentrality,3534
analytics,graph,LinkDistance,5731
analytics,graph,MaxFlowMinCut,7840
analytics,graph,ShortestPaths,5914
analytics,graph,SpanningTree,3416
analytics,optimization,AspectRatioBanker,7074
animate,interpolate,ArrayInterpolator,1983
animate,interpolate,ColorInterpolator,2047
animate,interpolate,DateInterpolator,1375
animate,interpolate,Interpolator,8746
animate,interpolate,MatrixInterpolator,2202
animate,interpolate,NumberInterpolator,1382
animate,interpolate,ObjectInterpolator,1629
animate,interpolate,PointInterpolator,1675
animate,interpolate,RectangleInterpolator,2042
data,converters,Converters,721
data,converters,DelimitedTextConverter,4294
data,converters,GraphMLConverter,9800
data,converters,IDataConverter,1314
data,converters,JSONConverter,2220
