Level 2,Level 2,Level 2,Level 2,Level 2
Enzymatic,Enzymatic,Enzymatic,Enzymatic,Enzymatic
Enzymatic,Enzymatic,Enzymatic,Enzymatic,Enzymatic
Enzymatic,Enzymatic,Enzymatic,Enzymatic,Enzymatic
Enzymatic,Enzymatic,Enzymatic,Enzymatic,Enzymatic
Enzymatic,Enzymatic,Enzymatic,Enzymatic,Enzymatic
Enzymatic,Enzymatic,Enzymatic,Enzymatic,Enzymatic
Enzymatic,Enzymatic,Enzymatic,Enzymatic,Enzymatic
Enzymatic,Enzymatic,Enzymatic,Enzymatic,Enzymatic
Enzymatic,Enzymatic,Enzymatic,Enzymatic,Enzymatic
Enzymatic,Enzymatic,Enzymatic,Enzymatic,Enzymatic
Enzymatic,Enzymatic,Enzymatic,Enzymatic,Enzymatic
Enzymatic,Enzymatic,Enzymatic,Enzymatic,Enzymatic
Sugar Browning,Sugar Browning,Sugar Browning,Sugar Browning,Sugar Browning
Sugar Browning,Sugar Browning,Sugar Browning,Sugar Browning,Sugar Browning
Sugar Browning,Sugar Browning,Sugar Browning,Sugar Browning,Sugar Browning
Sugar Browning,Sugar Browning,Sugar Browning,Sugar Browning,Sugar Browning
Sugar Browning,Sugar Browning,Sugar Browning,Sugar Browning,Sugar Browning
Sugar Browning,Sugar Browning,Sugar Browning,Sugar Browning,Sugar Browning
Sugar Browning,Sugar Browning,Sugar Browning,Sugar Browning,Sugar Browning
Sugar Browning,Sugar Browning,Sugar Browning,Sugar Browning,Sugar Browning
Sugar Browning,Sugar Browning,Sugar Browning,Sugar Browning,Sugar Browning
Sugar Browning,Sugar Browning,Sugar Browning,Sugar Browning,Sugar Browning
Sugar Browning,Sugar Browning,Sugar Browning,Sugar Browning,Sugar Browning
Sugar Browning,Sugar Browning,Sugar Browning,Sugar Browning,Sugar Browning
Dry Distillation,Dry Distillation,Dry Distillation,Dry Distillation,Dry Distillation
Dry Distillation,Dry Distillation,Dry Distillation,Dry Distillation,Dry Distillation
Dry Distillation,Dry Distillation,Dry Distillation,Dry Distillation,Dry Distillation
Dry Distillation,Dry Distillation,Dry Distillation,Dry Distillation,Dry Distillation
Dry Distillation,Dry Distillation,Dry Distillation,Dry Distillation,Dry Distillation
Dry Distillation,Dry Distillation,Dry Distillation,Dry Distillation,Dry Distillation
Dry Distillation,Dry Distillation,Dry Distillation,Dry Distillation,Dry Distillation
Dry Distillation,Dry Distillation,Dry Distillation,Dry Distillation,Dry Distillation
Dry Distillation,Dry Distillation,Dry Distillation,Dry Distillation,Dry Distillation
Dry Distillation,Dry Distillation,Dry Distillation,Dry Distillation,Dry Distillation
Dry Distillation,Dry Distillation,Dry Distillation,Dry Distillation,Dry Distillation
Dry Distillation,Dry Distillation,Dry Distillation,Dry Distillation,Dry Distillation
Bitter,Bitter,Bitter,Bitter,Bitter
Bitter,Bitter,Bitter,Bitter,Bitter
Bitter,Bitter,Bitter,Bitter,Bitter
Bitter,Bitter,Bitter,Bitter,Bitter
Salt,Salt,Salt,Salt,Salt
Salt,Salt,Salt,Salt,Salt
Salt,Salt,Salt,Salt,Salt
Salt,Salt,Salt,Salt,Salt
Sweet,Sweet,Sweet,Sweet,Sweet
Sweet,Sweet,Sweet,Sweet,Sweet
Sweet,Sweet,Sweet,Sweet,Sweet
Sweet,Sweet,Sweet,Sweet,Sweet
Sour,Sour,Sour,Sour,Sour
Sour,Sour,Sour,Sour,Sour
Sour,Sour,Sour,Sour,Sour
Sour,Sour,Sour,Sour,Sour
